contact_id,account_id,first_name,last_name,email,phone,title,department,created_date
CON000001,ACC000001,Casey,Garcia,contact1@acc000001.com,+33 1 44 5339,CTO,Network Ops,2023-01-01
CON000002,ACC000001,Jordan,Hansen,contact2@acc000001.com,+33 1 44 9830,Head of Network,Service Delivery,2023-01-01
CON000003,ACC000002,Riley,Li,contact3@acc000002.com,+33 1 44 7543,Head of Network,Service Delivery,2023-01-01
CON000004,ACC000002,Morgan,Hansen,contact4@acc000002.com,+33 1 44 3266,Fleet Manager,Fleet & Spectrum,2023-01-01
CON000005,ACC000003,Casey,Smith,contact5@acc000003.com,+33 1 44 1771,Fleet Manager,Fleet & Spectrum,2023-01-01
CON000006,ACC000003,Sam,Garcia,contact6@acc000003.com,+33 1 44 3621,Gateway Ops Lead,Gateway Engineering,2023-01-01
CON000007,ACC000004,Jamie,Smith,contact7@acc000004.com,+33 1 44 7304,Gateway Ops Lead,Gateway Engineering,2023-01-01
CON000008,ACC000004,Jamie,Silva,contact8@acc000004.com,+33 1 44 9669,Programme Manager,Government Programs,2023-01-01
CON000009,ACC000005,Riley,Dupont,contact9@acc000005.com,+33 1 44 2876,Programme Manager,Government Programs,2023-01-01
CON000010,ACC000005,Riley,Okafor,contact10@acc000005.com,+33 1 44 2827,CFO,Finance,2023-01-01
CON000011,ACC000006,Riley,Li,contact11@acc000006.com,+33 1 44 3591,CFO,Finance,2023-01-01
CON000012,ACC000006,Casey,Dupont,contact12@acc000006.com,+33 1 44 5315,CTO,Network Ops,2023-01-01
CON000013,ACC000007,Jordan,Smith,contact13@acc000007.com,+33 1 44 5889,CTO,Network Ops,2023-01-01
CON000014,ACC000007,Taylor,Garcia,contact14@acc000007.com,+33 1 44 7126,Head of Network,Service Delivery,2023-01-01
CON000015,ACC000008,Jordan,Dupont,contact15@acc000008.com,+33 1 44 6310,Head of Network,Service Delivery,2023-01-01
CON000016,ACC000008,Casey,Dupont,contact16@acc000008.com,+33 1 44 2832,Fleet Manager,Fleet & Spectrum,2023-01-01
CON000017,ACC000009,Morgan,Khan,contact17@acc000009.com,+33 1 44 4923,Fleet Manager,Fleet & Spectrum,2023-01-01
CON000018,ACC000009,Alex,Hansen,contact18@acc000009.com,+33 1 44 2290,Gateway Ops Lead,Gateway Engineering,2023-01-01
CON000019,ACC000010,Sam,Silva,contact19@acc000010.com,+33 1 44 2133,Gateway Ops Lead,Gateway Engineering,2023-01-01
CON000020,ACC000010,Jordan,Garcia,contact20@acc000010.com,+33 1 44 8787,Programme Manager,Government Programs,2023-01-01
CON000021,ACC000011,Jordan,Khan,contact21@acc000011.com,+33 1 44 9645,Programme Manager,Government Programs,2023-01-01
CON000022,ACC000011,Jamie,Hansen,contact22@acc000011.com,+33 1 44 9835,CFO,Finance,2023-01-01
CON000023,ACC000012,Taylor,Khan,contact23@acc000012.com,+33 1 44 7537,CFO,Finance,2023-01-01
CON000024,ACC000012,Morgan,Silva,contact24@acc000012.com,+33 1 44 9479,CTO,Network Ops,2023-01-01
CON000025,ACC000013,Casey,Smith,contact25@acc000013.com,+33 1 44 5061,CTO,Network Ops,2023-01-01
CON000026,ACC000013,Taylor,Smith,contact26@acc000013.com,+33 1 44 6539,Head of Network,Service Delivery,2023-01-01
CON000027,ACC000014,Alex,Hansen,contact27@acc000014.com,+33 1 44 4608,Head of Network,Service Delivery,2023-01-01
CON000028,ACC000014,Alex,Smith,contact28@acc000014.com,+33 1 44 1964,Fleet Manager,Fleet & Spectrum,2023-01-01
CON000029,ACC000015,Taylor,Smith,contact29@acc000015.com,+33 1 44 1514,Fleet Manager,Fleet & Spectrum,2023-01-01
CON000030,ACC000015,Morgan,Smith,contact30@acc000015.com,+33 1 44 9423,Gateway Ops Lead,Gateway Engineering,2023-01-01
CON000031,ACC000016,Taylor,Khan,contact31@acc000016.com,+33 1 44 8953,Gateway Ops Lead,Gateway Engineering,2023-01-01
CON000032,ACC000016,Taylor,Garcia,contact32@acc000016.com,+33 1 44 8744,Programme Manager,Government Programs,2023-01-01
CON000033,ACC000017,Taylor,Silva,contact33@acc000017.com,+33 1 44 7669,Programme Manager,Government Programs,2023-01-01
CON000034,ACC000017,Taylor,Smith,contact34@acc000017.com,+33 1 44 2588,CFO,Finance,2023-01-01
CON000035,ACC000018,Jamie,Okafor,contact35@acc000018.com,+33 1 44 7939,CFO,Finance,2023-01-01
CON000036,ACC000018,Jamie,Silva,contact36@acc000018.com,+33 1 44 1887,CTO,Network Ops,2023-01-01
CON000037,ACC000019,Sam,Dupont,contact37@acc000019.com,+33 1 44 7596,CTO,Network Ops,2023-01-01
CON000038,ACC000019,Morgan,Smith,contact38@acc000019.com,+33 1 44 5073,Head of Network,Service Delivery,2023-01-01
CON000039,ACC000020,Taylor,Hansen,contact39@acc000020.com,+33 1 44 9786,Head of Network,Service Delivery,2023-01-01
CON000040,ACC000020,Casey,Garcia,contact40@acc000020.com,+33 1 44 7912,Fleet Manager,Fleet & Spectrum,2023-01-01
CON000041,ACC000021,Jordan,Khan,contact41@acc000021.com,+33 1 44 8579,Fleet Manager,Fleet & Spectrum,2023-01-01
CON000042,ACC000021,Taylor,Smith,contact42@acc000021.com,+33 1 44 8260,Gateway Ops Lead,Gateway Engineering,2023-01-01
CON000043,ACC000022,Sam,Dupont,contact43@acc000022.com,+33 1 44 9856,Gateway Ops Lead,Gateway Engineering,2023-01-01
CON000044,ACC000022,Alex,Smith,contact44@acc000022.com,+33 1 44 4872,Programme Manager,Government Programs,2023-01-01
CON000045,ACC000023,Jordan,Li,contact45@acc000023.com,+33 1 44 8956,Programme Manager,Government Programs,2023-01-01
CON000046,ACC000023,Casey,Hansen,contact46@acc000023.com,+33 1 44 7570,CFO,Finance,2023-01-01
CON000047,ACC000024,Alex,Garcia,contact47@acc000024.com,+33 1 44 7209,CFO,Finance,2023-01-01
CON000048,ACC000024,Alex,Li,contact48@acc000024.com,+33 1 44 5345,CTO,Network Ops,2023-01-01
CON000049,ACC000025,Casey,Khan,contact49@acc000025.com,+33 1 44 7930,CTO,Network Ops,2023-01-01
CON000050,ACC000025,Casey,Garcia,contact50@acc000025.com,+33 1 44 4111,Head of Network,Service Delivery,2023-01-01
CON000051,ACC000026,Riley,Hansen,contact51@acc000026.com,+33 1 44 1958,Head of Network,Service Delivery,2023-01-01
CON000052,ACC000026,Alex,Okafor,contact52@acc000026.com,+33 1 44 1936,Fleet Manager,Fleet & Spectrum,2023-01-01
CON000053,ACC000027,Alex,Silva,contact53@acc000027.com,+33 1 44 9238,Fleet Manager,Fleet & Spectrum,2023-01-01
CON000054,ACC000027,Jordan,Dupont,contact54@acc000027.com,+33 1 44 9320,Gateway Ops Lead,Gateway Engineering,2023-01-01
CON000055,ACC000028,Sam,Garcia,contact55@acc000028.com,+33 1 44 2122,Gateway Ops Lead,Gateway Engineering,2023-01-01
CON000056,ACC000028,Sam,Hansen,contact56@acc000028.com,+33 1 44 7615,Programme Manager,Government Programs,2023-01-01
CON000057,ACC000029,Sam,Hansen,contact57@acc000029.com,+33 1 44 1651,Programme Manager,Government Programs,2023-01-01
CON000058,ACC000029,Sam,Li,contact58@acc000029.com,+33 1 44 9565,CFO,Finance,2023-01-01
CON000059,ACC000030,Morgan,Khan,contact59@acc000030.com,+33 1 44 4346,CFO,Finance,2023-01-01
CON000060,ACC000030,Morgan,Hansen,contact60@acc000030.com,+33 1 44 5351,CTO,Network Ops,2023-01-01
